X,Y,Z,r,absv
0.0974988,0.0803707,0.0110085,0.003,309.508
0.230235,0.117501,0.000144657,0.003,316.653
0.205844,0.116876,0.0559107,0.003,334.794
0.0498434,0.213407,0.0531416,0.003,343.007
0.160031,0.137256,0.00682519,0.003,307.815
0.278349,0.158106,0.098389,0.003,301.849
0.284727,0.0344281,0.000769679,0.003,295.7
0.0397744,0.325851,0.0499717,0.003,328.575
0.0612409,0.179556,0.0189468,0.003,297.433
0.235196,0.264922,0.0519445,0.003,286.952
0.083987,0.0986581,0.0454713,0.003,322.52
0.21602,0.107556,0.023809,0.003,311.401
0.182897,0.15825,0.0632959,0.003,353.398
0.00455365,0.265927,0.00973143,0.003,307.255
0.214088,0.203341,0.0349179,0.003,336.101
0.320216,0.264006,0.0656989,0.003,343.033
0.238867,0.336968,0.0378839,0.003,331.297
0.283051,0.0146291,0.0853609,0.003,334.944
0.373772,0.114841,-0.000996709,0.003,309.663
0.254478,0.139767,0.0686252,0.003,338.98
0.275799,0.298621,0.0649247,0.003,311.476
0.285951,0.289778,0.0707547,0.003,339.944
0.179038,0.15033,0.0705226,0.003,322.534
0.283893,0.280402,0.0124356,0.003,323.02
0.319224,0.278906,0.0509965,0.003,322.494
0.319733,0.187539,0.0686032,0.003,327.314
0.21274,0.321269,0.0885071,0.003,297.191
0.352148,0.107169,0.0373488,0.003,315.793
0.364318,0.0712567,0.0618408,0.003,292.321
0.182791,0.224376,0.0876229,0.003,307.071
0.195929,0.363502,0.0766149,0.003,320.642
0.0435095,0.144227,0.0138244,0.003,290.962
0.175265,0.189121,0.0932264,0.003,345.601
0.0283504,0.309174,0.0404357,0.003,339.047
0.0493493,0.118639,0.0707132,0.003,310.084
0.189957,0.0220923,0.00661801,0.003,338.61
0.322108,0.177856,0.0238384,0.003,343.228
0.260151,0.104061,0.00225631,0.003,322.241
0.0162706,0.0479548,0.0636299,0.003,317.979
0.0229716,0.33995,-0.000321645,0.003,332.99
0.0254311,0.296971,0.0229169,0.003,327.03
0.282204,0.184627,0.0893683,0.003,335.311
0.311987,0.271467,0.100796,0.003,327.862
0.243427,0.139564,0.0549671,0.003,325.455
0.163858,0.276348,0.0676389,0.003,324.629
0.279157,0.228694,0.0945155,0.003,341.147
0.347436,0.133478,0.0201717,0.003,334.219
0.0856283,0.361245,0.0427209,0.003,330.595
0.246272,0.0743257,0.0980137,0.003,325.2
0.169149,0.26272,0.0450164,0.003,331.748
0.148278,0.31876,0.0309397,0.003,319.643
0.211716,0.212859,-0.00569294,0.003,321.678
0.112581,0.334139,0.0772454,0.003,325.234
0.220017,0.0237724,0.0401506,0.003,338.986
0.253326,0.335299,0.0535594,0.003,340.623
0.185685,0.326657,0.0906728,0.003,354.681
0.0888487,0.0108911,0.00720114,0.003,340.004
0.371834,0.324537,0.0738779,0.003,322.185
0.28526,0.199407,0.0312873,0.003,342.745
0.177702,0.0662845,0.0473725,0.003,320.67
0.314089,0.00481977,0.0102219,0.003,312.17
0.142339,0.0768923,0.00352644,0.003,321.319
0.26689,0.257715,0.0701944,0.003,393.006
0.197347,0.280209,0.0681935,0.003,331.59
0.00290727,0.221436,0.0866878,0.003,354.147
0.0614145,0.156645,0.0503775,0.003,316.752
0.107481,0.013646,0.0446648,0.003,311.058
0.0275031,0.245578,0.0608971,0.003,371.606
0.202743,0.312611,0.0831461,0.003,332.901
0.0298057,0.376214,0.00902553,0.003,320.462
0.0785956,0.377446,0.0565056,0.003,319.26
0.260624,0.186119,0.0433504,0.003,356.799
0.0407468,0.121351,0.0783513,0.003,321.076
0.0710102,0.292105,0.0829548,0.003,348.995
0.289525,0.0307855,-0.00703824,0.003,338.443
0.292806,0.156856,-0.00191633,0.003,356.541
0.377292,0.366475,0.0394178,0.003,355.481
0.359408,0.271671,0.0319866,0.003,340.467
0.147493,0.357209,0.0466093,0.003,308.03
0.241597,0.199728,0.0223854,0.003,342.775
0.124871,0.0858816,0.0623365,0.003,339.283
0.308206,0.0393852,0.0975574,0.003,324.631
0.376858,0.125962,0.0546403,0.003,336.626
0.0771194,0.309,0.0186664,0.003,346.522
0.0559519,0.223646,0.073928,0.003,319.757
0.347442,0.337843,0.0295818,0.003,332.29
0.312041,0.237339,0.00313152,0.003,334.122
0.14345,0.0492237,0.0615192,0.003,323.397
0.263183,0.327297,0.0516231,0.003,339.271
0.175611,0.349803,0.0248457,0.003,329.321
0.117063,0.160689,0.00466184,0.003,346.157
0.29078,0.138408,0.104967,0.003,363.137
0.179097,0.247268,0.0582089,0.003,341.427
0.0684635,0.320794,0.0391819,0.003,356.904
0.283057,0.213392,0.0704066,0.003,351.494
0.0732211,0.320479,0.0641681,0.003,344.941
0.285374,0.263577,0.100369,0.003,319.285
0.362572,0.184786,0.104171,0.003,327.225
0.0256831,0.308342,0.0130082,0.003,338.003
0.362058,0.0388354,0.0321839,0.003,335.292
0.0992552,0.315865,0.0527093,0.003,300.423
0.217274,0.212787,0.00713789,0.003,318.623
0.286681,0.294885,0.09286,0.003,344.078
0.027446,0.0159475,0.0892563,0.003,334.618
0.244516,0.125095,0.0270113,0.003,330.785
0.00840788,0.351377,0.00552588,0.003,331.338
0.0143795,0.209695,0.0224207,0.003,320.119
0.0317244,0.0720704,0.0592511,0.003,335.547
0.0167146,0.207973,0.0307093,0.003,335.325
0.021136,0.255691,0.0485106,0.003,319.29
0.304617,0.0524964,0.0476643,0.003,301.065
0.244509,0.28984,0.00789757,0.003,331.444
0.148883,0.290188,0.0991633,0.003,325.887
0.330523,0.0935408,-0.00593745,0.003,337.039
0.0435164,0.173906,0.103932,0.003,316.798
0.086826,0.313557,0.00496197,0.003,288.134
0.291486,0.00200026,0.0966438,0.003,316.25
0.106773,0.183271,0.0583411,0.003,299.276
0.0454792,0.155602,0.0973587,0.003,350.425
0.104751,0.107692,-0.00646876,0.003,340.224
0.340783,0.104626,0.00794523,0.003,317.558
0.0985365,0.147246,0.0886699,0.003,324.079
0.325287,0.19091,0.0930318,0.003,310.02
0.306203,0.052947,0.0095324,0.003,306.622
0.299916,0.272159,0.027562,0.003,335.974
0.349418,0.115446,0.10725,0.003,337.341
0.0271161,0.284134,0.0387581,0.003,318.709
0.100091,0.357413,0.0793252,0.003,333.916
0.00794464,0.00577736,0.0590989,0.003,334.78
0.377186,0.241959,0.00745938,0.003,332.386
0.212747,0.210096,0.0291293,0.003,342.841
0.3412,0.351995,0.081378,0.003,313.031
0.152279,0.180839,0.0153501,0.003,333.644
0.114156,0.0139574,-0.00789604,0.003,1784.45
0.0311912,0.212373,0.0925878,0.003,320.881
0.365533,0.348147,0.065852,0.003,329.668
0.131664,0.232208,0.0261641,0.003,344.439
0.232709,0.328049,0.012013,0.003,343.346
0.0167941,0.0784416,0.0903185,0.003,344.493
0.209736,0.329642,0.104327,0.003,347.477
0.317817,0.114699,0.0010201,0.003,340.075
0.324107,0.0671361,0.0393593,0.003,341.784
0.241458,0.303591,0.105864,0.003,289.992
0.159067,0.129322,0.106976,0.003,338.717
0.153445,0.0777818,0.0702888,0.003,326.515
0.154343,0.169333,0.104958,0.003,325.779
0.265619,0.328121,0.0550756,0.003,321.069
0.337448,0.125702,0.0480375,0.003,314.516
0.0345803,0.344092,0.0514863,0.003,317.788
0.0739955,0.353828,0.0334028,0.003,316.964
0.379042,0.35904,0.0541753,0.003,317.578
0.139799,0.366106,0.07739,0.003,341.21
0.156599,0.174647,0.056291,0.003,342.223
0.367852,0.198347,0.0644595,0.003,353.279
0.364452,0.116176,0.0112968,0.003,326.683
0.342036,0.105143,0.000383044,0.003,323.587
0.0140974,0.298818,0.0599001,0.003,347.263
0.042005,0.0620195,0.0365078,0.003,342.338
0.0587675,0.365499,0.0908198,0.003,334.649
0.376252,0.0663895,0.0521572,0.003,291.391
0.0366095,0.363074,0.0343607,0.003,308.733
0.192119,0.350086,0.00322756,0.003,326.544
0.0510636,0.324651,0.015496,0.003,342.091
0.055363,0.152406,-0.00524143,0.003,332.77
0.0570055,0.094801,0.0366487,0.003,307.522
0.097566,0.00310406,0.0867046,0.003,337.48
0.0244058,0.367594,0.0998097,0.003,316.13
0.133653,0.125357,0.0253751,0.003,335.485
0.195165,0.351621,0.0143715,0.003,342.115
0.289217,0.347893,-0.00686871,0.003,343.908
0.00689094,0.243493,0.10675,0.003,335.519
0.243433,0.24239,0.0539402,0.003,355.957
0.354694,0.0198367,0.0716783,0.003,329.948
0.100905,0.34894,-0.00598954,0.003,311.513
0.12278,0.0614806,0.104449,0.003,330.125
0.361134,0.171383,-0.00039219,0.003,329.213
0.0972641,0.0965418,0.0333272,0.003,340.742
0.154635,0.0434742,0.000464699,0.003,336.251
0.28348,0.338699,0.0811103,0.003,305.271
0.146935,0.0607537,0.00961154,0.003,326.76
0.125219,0.367096,0.0156032,0.003,312.024
0.261616,0.221893,0.00206565,0.003,334.027
0.0952044,0.146929,0.10322,0.003,312.927
0.0567596,0.134485,0.0840196,0.003,333.786
0.21904,0.251152,-0.00162348,0.003,317.64
0.0947436,0.344913,0.0881289,0.003,341.118
0.012939,0.259039,0.0595732,0.003,323.114
0.16042,0.224194,0.0391526,0.003,319.148
0.190611,0.0149849,0.101123,0.003,340.681
0.378549,0.341948,0.00724643,0.003,323.067
0.310696,0.207096,0.0239793,0.003,369.353
0.323163,0.247452,0.0580981,0.003,329.506
0.0240002,0.310762,0.09437,0.003,318.291
0.0784989,0.15586,0.106895,0.003,327.663
0.175642,0.278805,0.0313778,0.003,325.342
0.0479008,0.0402108,-0.00589258,0.003,317.605
0.234772,-0.00097391,0.0398907,0.003,334.839
0.175238,0.000873987,0.0560562,0.003,305.152
0.27245,0.142135,0.0495367,0.003,346.434
0.328347,0.138808,0.0700532,0.003,348.953
0.112243,0.194473,0.0251296,0.003,327.049
0.310933,0.207961,0.000394199,0.003,325.399
0.151228,0.345211,0.0447653,0.003,323.403
0.27307,0.18314,-0.00585276,0.003,345.346
0.0634578,0.249817,0.0685377,0.003,350.581
0.330788,0.155948,-0.000148497,0.003,343.541
0.187225,0.118342,0.0456515,0.003,329.749
0.251856,0.131366,0.0371641,0.003,318.026
0.319409,0.296237,0.0143224,0.003,357.897
0.221472,0.155703,0.0520116,0.003,369.558
0.0174673,0.0449603,0.0533768,0.003,323.436
0.362048,0.000574045,-0.000555913,0.003,287.678
0.0164794,0.0198083,0.0111274,0.003,298.509
0.307369,0.0907143,0.0076114,0.003,313.633
0.0708425,0.305528,0.0555406,0.003,349.013
0.238295,0.0710624,0.0643214,0.003,342.83
0.13146,0.0316961,0.0481856,0.003,333.561
0.345994,0.284017,0.0102801,0.003,349.469
0.251127,0.23905,0.0677087,0.003,276.167
0.152878,0.0511283,0.0659478,0.003,323.918
0.097139,0.1948,0.10052,0.003,302.252
0.0798651,0.329758,0.101362,0.003,313.582
0.361487,0.0808834,0.0900897,0.003,314.189
0.194359,0.0404708,0.0264306,0.003,325.921
0.0514089,0.225957,0.048362,0.003,325.977
0.234743,0.199358,0.0431096,0.003,319.319
0.224208,0.0443631,0.0520467,0.003,341.593
0.366168,0.193637,0.011153,0.003,319.364
0.229107,0.353294,0.0357471,0.003,329.975
0.192353,0.370022,-0.000107611,0.003,2245.58
0.250865,0.321901,0.0112508,0.003,337.742
0.271425,0.319695,0.00780233,0.003,322.89
0.161703,0.264069,0.0603569,0.003,368.425
0.35586,0.127442,0.00328253,0.003,337.354
0.201568,0.295761,0.0476381,0.003,360.695
0.187078,0.183678,0.0595056,0.003,368.618
0.119019,0.259379,0.0277487,0.003,351.578
0.314181,0.28983,0.026895,0.003,319.456
0.235061,0.0243094,0.0504681,0.003,344.613
0.244038,0.36034,0.0325254,0.003,342.064
0.251592,0.194067,0.0604329,0.003,335.859
0.07101,0.0855383,0.0563295,0.003,313.934
0.117198,0.294018,0.0140629,0.003,342.07
0.377891,0.302568,0.0200858,0.003,314.602
0.332491,0.110931,0.0759405,0.003,311.394
0.0789392,0.179231,0.0594616,0.003,313.201
0.264807,0.189041,0.00485622,0.003,339.498
0.127769,0.329727,0.0583059,0.003,330.491
0.106055,0.269947,0.0740893,0.003,342.367
0.113806,0.0699781,0.106584,0.003,325.767
0.215014,0.36748,0.00812915,0.003,320.392
0.0203413,0.105217,0.0719232,0.003,342.064
0.34336,0.351828,0.102641,0.003,290.068
0.292093,0.377962,0.0151333,0.003,316.995
0.292661,0.236922,-0.00629306,0.003,319.093
0.317073,0.0963034,0.0200782,0.003,330.045
0.29032,0.00725185,0.0901468,0.003,355.456
0.0436366,0.0197526,0.0685375,0.003,334.482
0.00821261,0.171763,0.0830183,0.003,343.898
0.125865,0.0115965,0.0614042,0.003,378.408
0.249145,0.354345,0.0304032,0.003,343.981
0.165979,0.0971492,0.0913889,0.003,301.123
0.0309036,0.214089,0.0479883,0.003,315.542
0.0866775,0.224146,0.0800167,0.003,333.481
0.0238185,0.0953191,0.101008,0.003,308.135
0.049318,0.304514,0.0239775,0.003,328.628
0.326788,0.0545443,0.00494021,0.003,305.487
0.253021,0.300521,-0.00452377,0.003,321.797
0.166089,0.0487845,0.0104498,0.003,355.082
0.278186,0.160124,0.0691408,0.003,324.293
0.0476768,0.281797,0.0236582,0.003,315.272
0.0982409,0.157284,0.099486,0.003,328.924
0.324332,0.027363,0.0788539,0.003,317.023
0.0225278,0.141208,0.0170887,0.003,321.933
0.0759722,0.303454,0.0745281,0.003,348.332
0.109205,0.0275612,-0.00195434,0.003,313.099
0.22929,0.0140357,0.0362801,0.003,308.622
0.206798,0.326226,0.0336427,0.003,340.829
0.369856,0.265376,0.0471535,0.003,304.387
0.300328,0.370291,-0.00625332,0.003,340.639
0.342309,0.221301,0.000283949,0.003,334.763
0.184658,0.0632315,0.057964,0.003,344.149
0.112509,0.0777921,0.0558119,0.003,360.17
0.326264,0.00928714,0.00562262,0.003,312.75
0.284626,0.182087,0.016686,0.003,308.315
0.333679,0.196528,0.00123718,0.003,351.768
0.339329,0.260027,0.0140737,0.003,330.436
0.0862344,0.376459,0.0270033,0.003,336.415
0.338442,0.0240837,0.0749039,0.003,342.802
0.211394,0.371159,0.000363346,0.003,312.999
0.369318,0.203712,0.0578404,0.003,309.46
0.199186,0.0528803,0.0727317,0.003,317.976
0.362829,0.279075,0.0379875,0.003,333.291
0.140658,0.0951816,0.0715111,0.003,326.121
0.220755,0.102834,0.0766769,0.003,317.487
0.33256,0.0989276,0.0798072,0.003,340.326
0.0983839,0.115383,0.00207997,0.003,352.753
0.139225,0.207791,0.021323,0.003,338.361
0.0368088,0.116307,0.0944829,0.003,327.552
0.116331,0.0500351,0.068957,0.003,345.81
0.0141579,0.353177,0.0617151,0.003,313.387
0.222957,0.166737,0.0967979,0.003,334.595
0.112094,0.111602,-0.00739847,0.003,360.489
0.0621886,0.133548,-0.00175816,0.003,337.501
0.0923166,0.158241,0.0185713,0.003,332.168
0.32329,0.32882,0.0260359,0.003,336.307
0.31677,0.0440439,0.0581251,0.003,364.292
0.0317653,0.214804,0.0572936,0.003,341.829
0.127319,0.118185,0.0879707,0.003,335.28
0.261718,0.322191,0.0662688,0.003,333.781
0.25239,0.323949,-0.000679583,0.003,349.939
0.149793,0.0784813,0.0145748,0.003,342.05
0.355949,0.133061,-0.00059856,0.003,329.574
0.314999,0.143234,0.0158268,0.003,327.455
0.147224,0.235933,0.102813,0.003,326.512
0.0636371,0.352051,0.10475,0.003,319.537
0.0550118,0.148689,0.0322371,0.003,341.856
0.0554842,0.032921,0.0436601,0.003,344.163
0.309653,0.374046,0.0944272,0.003,320.256
0.268506,0.315105,0.0583797,0.003,325.286
0.126729,0.153246,0.100013,0.003,328.874
0.177057,0.188495,0.101887,0.003,325.89
0.330899,0.34162,0.0280656,0.003,340.917
0.0331091,0.0752894,0.0995784,0.003,330.671
0.0830633,0.0640644,0.0700432,0.003,329.286
0.253276,0.16254,0.0944381,0.003,355.854
0.0964124,0.0228938,0.061887,0.003,321.83
0.139152,0.077538,0.0813659,0.003,336.493
0.367831,0.372159,0.0549829,0.003,342.174
0.079458,0.0916247,0.0270048,0.003,340.548
0.340144,0.274725,0.102662,0.003,342.996
0.226316,0.167304,0.0215546,0.003,332.294
0.113166,0.122105,0.0563781,0.003,317.01
0.248395,0.314791,0.0087899,0.003,323.999
0.0494689,0.249421,0.028712,0.003,341.119
0.296198,0.172518,0.0220821,0.003,347.412
0.152679,0.315369,0.00467785,0.003,333.643
0.151676,0.360532,0.058844,0.003,369.673
0.00909905,0.00367782,0.0283318,0.003,335.707
0.0536804,0.372934,-0.00395628,0.003,303.296
0.065702,0.0770702,0.0927081,0.003,340.02
0.0822898,0.336548,0.0845985,0.003,343.258
0.300244,0.377973,0.0121609,0.003,347.193
0.209017,0.149717,0.000752915,0.003,322.801
0.0985496,0.180279,0.0078053,0.003,293.926
0.316983,0.28299,0.0023176,0.003,341.858
0.271037,0.185078,0.105541,0.003,341.659
0.2436,0.0477965,0.072518,0.003,341.372
0.36944,0.235137,0.0999179,0.003,340.225
0.297383,0.311315,0.106053,0.003,305.49
0.297123,0.0939111,0.0816947,0.003,320.413
0.123429,0.112597,0.0285972,0.003,366.717
0.176698,0.0770844,0.0956508,0.003,333.415
0.164895,0.137854,0.0252072,0.003,320.35
0.226386,0.262111,0.105162,0.003,362.121
0.344704,0.351121,0.039151,0.003,339.808
0.298413,0.35771,0.0885584,0.003,332.069
0.361981,0.0237469,0.0832939,0.003,334.824
0.239563,0.115939,0.103634,0.003,316.573
0.092219,0.376533,0.0452131,0.003,318.136
0.0211268,0.14248,0.0698044,0.003,299.708
0.26019,0.151967,0.0804799,0.003,336.085
0.0825774,0.278523,0.046844,0.003,324.464
0.356078,0.249002,0.100483,0.003,334.441
0.153487,0.0341346,0.088406,0.003,346.432
0.0357564,0.268051,0.0382139,0.003,333.236
0.0166521,0.327025,0.00223599,0.003,362.866
0.0961916,0.084661,0.00526928,0.003,331.796
0.25483,0.246083,0.0991428,0.003,337.583
0.358302,0.24439,-0.00556827,0.003,322.31
0.21345,0.360302,0.0250872,0.003,350.067
0.295861,0.151606,0.0170006,0.003,323.583
0.283655,0.150065,0.0378636,0.003,339.115
0.376957,0.230395,0.00706467,0.003,336.437
0.304212,0.355889,0.0922736,0.003,329.938
0.297032,0.187357,0.0997986,0.003,345.977
0.202382,0.110431,0.101291,0.003,341.011
0.316084,0.0431724,0.00807631,0.003,360.513
0.261797,0.0441936,0.00865223,0.003,351.607
0.0836185,0.11868,0.104664,0.003,359.303
0.101868,0.145713,-0.00708893,0.003,349.79
0.230161,0.0978808,0.0268507,0.003,339.077
0.0622799,0.0881153,0.0347469,0.003,327.935
0.106137,0.0922862,0.019056,0.003,340.189
0.264586,0.221144,0.0137798,0.003,331.351
0.351534,0.158306,0.0323584,0.003,318.906
0.0671004,0.0913916,0.0509816,0.003,328.414
0.344369,0.247192,0.0548581,0.003,363.944
0.0604436,0.270345,0.0457347,0.003,333.877
0.372161,0.308393,0.0274143,0.003,333.582
0.278682,0.175732,0.0548967,0.003,339.989
0.208335,0.13065,0.0797255,0.003,343.755
0.00509036,0.0302154,0.000662062,0.003,336.293
0.291294,0.0100892,-0.00375224,0.003,314.866
0.344234,0.24872,0.0661002,0.003,312.914
0.0164599,0.0514032,0.0363462,0.003,318.932
0.0601697,0.254108,0.0884961,0.003,329.891
0.37518,0.0647751,0.0355218,0.003,311.416
0.19221,0.156863,0.078978,0.003,336.181
0.273965,0.128267,0.0202612,0.003,308.282
0.350014,0.309819,0.0383005,0.003,336.414
0.211246,0.00283416,0.0336282,0.003,339.262
0.172316,0.254715,0.0262742,0.003,330.967
0.0541302,0.188824,0.0512777,0.003,329.709
0.184242,0.186951,0.0056478,0.003,337.486
0.167606,0.195095,0.0697347,0.003,354.844
0.325155,0.136562,0.0525563,0.003,351.052
0.249634,0.239299,-0.00010219,0.003,348.228
0.142404,0.180295,0.101906,0.003,336.654
0.364057,0.098773,0.0312464,0.003,318.694
0.326121,0.0649492,0.0874766,0.003,344.804
0.177021,0.34393,0.0155045,0.003,303.273
0.323694,0.350541,0.0402451,0.003,324.139
0.0629937,0.0501821,0.0537247,0.003,332.105
0.12331,0.264374,0.0839965,0.003,350.104
0.090911,0.0743884,0.101933,0.003,346.962
0.127949,0.319978,0.00259381,0.003,313.661
0.182356,0.357187,0.00371138,0.003,307.747
0.363359,0.152,0.0550271,0.003,366.571
0.166384,0.0958563,0.0181399,0.003,328.082
0.00248226,0.145597,0.0540845,0.003,330.772
0.103934,0.0680379,0.0179541,0.003,339.927
0.309625,0.0712339,-0.00157951,0.003,329.461
0.0630993,0.128261,0.0459484,0.003,312.772
0.160999,0.0227961,0.0027196,0.003,336.81
0.0618685,0.361328,0.0429138,0.003,331.305
0.195929,0.0336167,0.0562181,0.003,356.515
0.185298,0.325323,0.0412179,0.003,318.09
0.351609,0.125331,0.0197224,0.003,317.069
0.116496,0.3413,0.00762391,0.003,322.774
0.368597,0.00237657,0.0791516,0.003,317.436
0.221409,0.230332,-0.00447242,0.003,337.787
0.0713405,0.186838,0.0577366,0.003,310.313
0.278103,0.37622,-0.00557108,0.003,325.603
0.0331122,0.207266,0.0721715,0.003,327.103
0.242209,0.261069,0.0489743,0.003,346.463
0.19926,0.00126144,0.0844586,0.003,302.936
0.374626,0.201125,0.0955163,0.003,308.786
0.325159,0.292781,0.106092,0.003,343.341
0.126023,0.240348,0.0869305,0.003,350.468
0.146661,0.103329,0.103331,0.003,334.369
0.371065,0.335864,0.0351194,0.003,357.691
0.170298,0.371188,0.0239339,0.003,346.399
0.278617,0.125488,-0.00537153,0.003,288.553
0.154683,0.192416,0.0310679,0.003,342.228
0.0833385,0.342984,0.044712,0.003,354.291
0.166879,0.33404,0.0978392,0.003,332.774
0.238664,0.240696,-0.00481863,0.003,341.303
0.0779426,0.0998085,0.0320969,0.003,311.549
0.347753,0.0634115,0.0907824,0.003,310.361
0.377635,0.0527014,0.0158904,0.003,309.538
0.0256424,0.00732144,0.00474101,0.003,331.515
0.37425,0.302601,0.0083275,0.003,316.124
0.203,0.357843,0.0997917,0.003,325.072
0.305802,0.321853,0.0810404,0.003,322.254
0.150295,0.343429,0.0853791,0.003,330.724
0.0490841,0.12939,0.0298847,0.003,340.874
0.0525958,0.217285,0.0655301,0.003,331.526
0.16705,0.329332,0.0158484,0.003,316.779
0.306727,-0.000538245,0.0968636,0.003,318.024
0.0826395,0.272788,0.107092,0.003,287.435
0.0560433,0.111466,0.0644304,0.003,336.369
0.377081,0.237762,0.0582727,0.003,323.819
0.154883,0.265219,0.0679007,0.003,351.154
0.157367,0.0539903,0.0683131,0.003,340.219
0.301998,0.357398,0.00868082,0.003,344.846
0.330654,0.0718993,0.0374153,0.003,316.253
0.24023,0.1423,0.0257354,0.003,334.486
0.301594,0.227588,0.0163835,0.003,347.875
0.286231,0.211817,0.0676335,0.003,378.181
0.0540038,0.342601,0.0794724,0.003,319.487
0.0499337,0.05565,0.0141206,0.003,320.083
0.340332,0.105635,0.0476366,0.003,337.933
0.344706,0.318434,0.0351445,0.003,335.924
0.0933936,0.0466829,0.0166665,0.003,332.127
0.167072,0.199694,0.0807279,0.003,335.215
0.257208,0.229015,0.00605909,0.003,340.115
0.112696,0.268019,0.012635,0.003,339.162
0.277308,0.1232,0.0644553,0.003,341.962
0.307593,0.0216879,0.00575823,0.003,343.924
0.171247,0.242642,0.0865607,0.003,322.34
0.234563,0.313775,0.0921886,0.003,355.811
0.200941,0.0194511,0.0842231,0.003,337.214
0.0117409,0.105121,0.0982026,0.003,336.022
0.193449,0.308097,-0.00472559,0.003,313.627
0.304714,0.267014,0.0241836,0.003,332.783
0.0942474,0.142329,0.0178312,0.003,349.244
0.367255,0.289835,0.0329105,0.003,326.655
0.0494922,0.0170661,0.106338,0.003,354.074
0.00972803,0.285225,0.00733893,0.003,336.099
0.117962,0.210461,0.0903389,0.003,335.302
0.0817903,0.140807,0.0822732,0.003,332.792
0.256552,0.356067,0.0502639,0.003,333.943
0.188215,0.144082,0.0368864,0.003,352.262
0.0831027,0.286668,0.0502188,0.003,324.466
0.352426,0.00200568,0.0535702,0.003,321.891
0.0264122,0.351023,-0.00329496,0.003,312.576
0.212033,0.259013,0.0585092,0.003,327.326
0.074161,0.196186,0.0246965,0.003,303.862
0.298165,0.0570926,0.0118677,0.003,307.411
0.155128,0.0787482,0.0209156,0.003,338.48
0.146596,0.24215,0.0327649,0.003,322.242
0.275041,0.191294,0.0905285,0.003,331.271
0.0230071,0.167231,0.0064801,0.003,332.05
0.350074,0.222696,0.0588624,0.003,316.282
0.162091,0.355998,0.0187149,0.003,342.253
0.049545,0.216839,0.00679153,0.003,323.348
0.304173,0.291715,0.0197271,0.003,341.973
0.0920736,0.141977,0.049459,0.003,302.974
0.274182,0.334161,0.0244843,0.003,323.393
0.303837,0.0788032,0.0772745,0.003,370.803
0.0682011,0.369046,0.0562837,0.003,314.311
0.0210194,0.259122,0.0224344,0.003,346.082
0.00247712,0.131159,0.0131826,0.003,325.56
0.255034,0.175817,-0.00590498,0.003,335.312
0.283606,0.0988005,0.045167,0.003,321.033
0.111327,0.0550947,0.048749,0.003,312.281
0.216941,0.0788854,0.0419855,0.003,344.248
0.0106906,0.172193,0.0512881,0.003,338.951
0.0563355,0.0241312,0.0468135,0.003,342.768
0.113583,0.152493,0.0757811,0.003,320.913
0.327703,0.278093,-0.00251262,0.003,331.227
0.0670176,0.202318,0.00885361,0.003,321.653
0.0522876,0.155133,0.011644,0.003,357.828
0.310618,0.230661,0.0754129,0.003,336.698
0.199487,0.135349,0.0902051,0.003,333.302
0.27891,0.369258,0.0931464,0.003,346.08
0.210133,0.00841184,0.00922879,0.003,335.466
0.309074,0.283119,0.0441127,0.003,355.163
0.298493,0.109926,0.0224908,0.003,350.195
0.298908,0.306532,0.0770966,0.003,358.504
0.104067,0.0840564,0.0283683,0.003,290.095
0.0289044,0.192441,0.0626076,0.003,318.211
0.125315,0.0638758,0.0550031,0.003,337.555
0.179663,0.045846,0.0564994,0.003,342.932
0.195818,0.267028,0.00529174,0.003,337.557
0.106885,0.284165,0.0403048,0.003,320.146
0.288701,0.237947,0.00667604,0.003,335.834
0.000489309,0.2866,0.0135495,0.003,329.31
0.227344,0.328431,0.047283,0.003,334.604
0.322627,0.156264,0.0569089,0.003,348.576
0.0838286,0.20921,0.00908987,0.003,322.793
0.248718,0.260501,0.0752103,0.003,348.604
0.111693,0.261348,0.0962258,0.003,345.433
0.108092,0.0192876,0.0545312,0.003,335.703
0.112132,0.0178174,0.00248903,0.003,323.589
0.369156,0.360944,0.0402289,0.003,316.023
0.172097,0.0935467,0.0698468,0.003,395.002
0.274191,0.279429,0.00924478,0.003,315.693
0.0103678,0.18666,0.0107748,0.003,332.596
0.270616,0.376514,0.0122316,0.003,315.573
0.127718,0.107971,0.0245572,0.003,303.509
0.0118539,0.008067,0.0448458,0.003,332.237
0.0945914,0.361836,0.0840107,0.003,336.273
0.232701,0.0568344,0.0408841,0.003,357.047
0.0204539,0.172572,0.0884963,0.003,323.495
0.312134,0.0980693,0.0968176,0.003,356.072
0.372613,0.249422,0.0593717,0.003,358.966
0.0705326,0.332274,0.0552304,0.003,331.843
0.0404527,0.0333848,0.0362751,0.003,316.325
0.3252,0.00423599,0.0928291,0.003,332.251
0.0309781,0.0169177,0.0786668,0.003,317.344
0.365744,0.283358,0.0521829,0.003,353.467
0.099191,0.239214,-0.00311542,0.003,324.01
0.167082,0.11987,0.0367779,0.003,370.478
0.210754,0.375384,0.050002,0.003,336.982
0.325727,0.129301,0.00551767,0.003,326.687
0.211119,0.236667,0.0439195,0.003,316.145
0.125102,0.251606,0.002335,0.003,326.402
0.352174,0.206001,-0.00118196,0.003,320.01
0.0854091,0.37189,0.0983899,0.003,349.561
0.254862,0.165101,0.0783596,0.003,328.229
0.142144,0.299394,0.0313363,0.003,318.592
0.307103,0.175916,0.103939,0.003,335.934
0.0242443,0.260021,0.0884977,0.003,334.176
0.112242,0.0125933,0.00181785,0.003,308.513
0.109795,0.036909,0.0698828,0.003,342.288
-0.000279948,0.0296758,0.0485644,0.003,345.524
0.0461546,0.29636,-0.00362157,0.003,301.034
0.237435,0.234968,0.0412739,0.003,341.757
0.0862949,0.355398,0.0888401,0.003,354.252
0.191747,0.2488,0.0241898,0.003,323.204
0.217333,0.135411,0.00057413,0.003,350.875
0.229628,0.332488,0.0890716,0.003,346.951
0.297902,0.115013,0.0549242,0.003,354.163
0.311227,0.0445898,0.0455669,0.003,320.811
0.00952529,0.217479,0.0283721,0.003,349.533
0.343542,0.188961,0.0921767,0.003,344.139
0.0295187,0.043309,0.101763,0.003,341.083
0.365579,0.153459,0.0722122,0.003,345.634
0.340972,0.160741,0.0392063,0.003,352.224
0.374087,0.364995,0.0972205,0.003,343.844
0.202509,0.0908268,0.0568742,0.003,317.002
0.0498554,0.144427,0.0738668,0.003,325.34
0.264676,0.191534,0.0129079,0.003,345.842
0.0503845,0.2647,0.0561488,0.003,334.837
0.343531,0.0309417,0.00532043,0.003,340.529
0.0218473,0.178947,0.0231853,0.003,327.699
0.193909,0.287459,0.0791311,0.003,313.194
0.249656,0.221406,0.103654,0.003,348.588
0.277129,0.211635,0.0601936,0.003,355.195
0.0773256,0.124209,0.00107632,0.003,322.931
0.0474307,0.0691292,0.069467,0.003,286.677
0.256677,0.0251396,0.0174019,0.003,360.864
0.0143865,0.242838,0.0275307,0.003,334.436
0.0480657,0.0188873,0.00859938,0.003,301.228
0.21804,0.126577,0.0191421,0.003,346.74
0.351764,0.205173,0.0156587,0.003,343.002
0.35396,0.309737,0.030703,0.003,326.445
0.118343,0.125342,0.0544108,0.003,342.873
0.0685415,0.316794,0.0782901,0.003,325.997
0.223447,0.373626,0.0155107,0.003,314.406
0.04278,0.122142,0.0725267,0.003,322.945
0.347348,0.330071,0.0124487,0.003,333.93
0.341122,0.168882,0.0051328,0.003,325.679
0.113384,0.277046,0.010743,0.003,334.382
0.120629,0.114912,0.00487807,0.003,338.284
0.13494,0.174858,0.0494135,0.003,318.639
0.094982,0.204125,0.00648384,0.003,331.635
0.0353556,0.335507,0.00914866,0.003,331.205
0.0632585,0.376784,0.0854086,0.003,332.576
0.12148,0.0180806,0.0983793,0.003,343.465
0.180682,0.363977,0.0697837,0.003,345.733
0.0507299,0.00975693,0.0112204,0.003,340.453
0.0840291,0.047034,0.0441734,0.003,328.686
0.147282,0.149485,0.042672,0.003,342.937
0.26011,0.330402,0.0142011,0.003,303.19
0.272157,0.00503398,0.0115181,0.003,337.483
0.0167753,0.174537,0.029014,0.003,344.991
0.0368307,0.257368,0.021779,0.003,340.942
0.145324,0.177392,0.0481864,0.003,313.538
0.0072804,0.207422,0.0563036,0.003,326.781
0.269628,0.376895,0.0757299,0.003,326.354
0.0419827,0.0220438,-0.00379241,0.003,315.166
0.335044,0.0515887,0.0524081,0.003,320.3
0.356342,0.369254,0.010052,0.003,310.688
0.279032,0.0364413,0.00440099,0.003,333.61
0.162834,0.175473,0.0829371,0.003,328.345
0.0690571,0.154924,-0.00598237,0.003,331.483
0.058589,0.355233,0.0628305,0.003,379.618
0.374833,0.0563723,0.0740398,0.003,318.778
0.0942853,0.0594914,0.0983088,0.003,350.858
0.209463,0.334253,0.0332631,0.003,336.387
0.319624,0.129449,0.0951066,0.003,343.089
0.17049,0.26106,0.0330395,0.003,330.01
0.362451,0.312017,0.0140604,0.003,324.774
0.303847,0.218591,0.0964367,0.003,335.313
0.282113,0.146057,0.0881753,0.003,339.557
0.0624611,0.310885,0.0801996,0.003,317.564
0.349432,0.354022,0.0841385,0.003,332.958
0.187459,0.0445432,0.0253114,0.003,330.311
0.367824,0.25024,0.00854811,0.003,347.098
0.00879506,0.263313,0.0171197,0.003,351.867
0.141887,0.348112,0.0524672,0.003,330.134
0.237099,0.129649,0.00959361,0.003,328.604
0.263639,0.237738,0.0943902,0.003,341.723
0.296404,0.254955,0.093422,0.003,347.568
0.162428,0.22719,0.0343485,0.003,341.971
0.25745,0.307967,0.0154437,0.003,338.053
0.224544,0.231652,0.100732,0.003,335.926
0.0790103,0.377221,0.0439287,0.003,318.756
0.110511,0.171614,0.060719,0.003,329.165
0.190871,0.216529,0.0313887,0.003,324.9
0.223849,0.122158,0.0273254,0.003,327.028
0.377072,0.324107,0.0795818,0.003,317.481
0.0512184,0.0419314,0.0845825,0.003,353.642
0.095049,0.309851,0.0624303,0.003,337.286
0.0597198,0.00904506,0.0969721,0.003,324.653
0.315089,0.225468,0.103428,0.003,335.824
0.0903486,0.290165,0.0890479,0.003,327.775
0.291862,0.198217,0.0687852,0.003,293.501
0.112315,0.0635641,0.103612,0.003,330.258
0.294761,0.100237,0.039937,0.003,323.709
0.339947,0.217888,0.0234198,0.003,316.902
0.0458586,0.349954,0.0382999,0.003,340.045
0.207432,0.0379648,0.0608591,0.003,363.357
0.0214639,0.274916,0.0137606,0.003,321.621
0.140886,0.218285,0.0485066,0.003,344.342
0.125849,0.0339176,0.0639954,0.003,306.797
0.238367,0.200431,0.0664915,0.003,335.593
0.320752,0.142463,0.0336032,0.003,342.639
0.208901,0.311451,0.0624648,0.003,330.259
0.290674,0.0379613,0.025047,0.003,332.498
0.135409,0.298141,0.0382942,0.003,336.15
0.115863,0.0700029,0.00434119,0.003,309.03
0.325551,0.155067,0.0729347,0.003,327.065
0.377294,0.221492,-0.00540657,0.003,356.163
0.0250352,0.350164,0.00295688,0.003,328.21
0.146486,0.223421,0.0309902,0.003,316.192
0.0235107,0.0928113,0.0447095,0.003,320.517
0.000230804,0.268879,0.077036,0.003,312.88
0.0564677,0.344159,0.065485,0.003,320.096
0.311918,0.0974783,0.0696518,0.003,336.387
0.107172,0.217065,0.00471355,0.003,340.88
0.159365,0.220843,0.102714,0.003,300.436
0.0596549,0.174663,0.00697094,0.003,316.148
0.0923082,0.358503,0.0652991,0.003,340.472
0.361135,0.199934,0.0716719,0.003,328.484
0.322219,0.33266,-0.0010724,0.003,309.666
0.325901,0.0534516,0.068143,0.003,318.969
0.196929,0.0378772,0.0402419,0.003,328.023
0.364781,0.144565,0.0618732,0.003,333.146
0.00581719,0.205196,-0.0077993,0.003,356.259
0.293471,0.242637,0.0266092,0.003,356.214
0.059339,0.0207599,0.0963171,0.003,328.204
0.164926,0.208238,0.0129503,0.003,334.596
0.0764933,0.30749,0.000512496,0.003,331.267
0.00199793,0.247943,0.0561965,0.003,346.975
0.168762,0.378785,-0.00085667,0.003,356.106
0.303779,0.339602,0.0537874,0.003,317.383
0.0653423,0.112881,0.0849562,0.003,330.873
0.0768701,0.25819,0.0899787,0.003,334.9
0.253998,0.29104,0.1007,0.003,328.193
0.211964,0.334335,0.049395,0.003,340.826
0.155695,0.0493905,0.0546693,0.003,345.193
0.227243,0.204048,0.00966067,0.003,324.607
0.310694,0.246639,0.0657849,0.003,384.648
0.0269532,0.264304,0.0743071,0.003,325.6
0.220398,0.0696854,0.031806,0.003,338.201
0.28413,0.0401234,0.0962531,0.003,344.038
0.161249,0.153229,0.0138838,0.003,338.622
0.357355,0.203955,0.00635582,0.003,326.044
0.203195,0.271779,0.0158641,0.003,330.494
0.152425,0.278233,0.0884126,0.003,346.084
0.297251,0.192433,0.0512542,0.003,309.858
0.30195,0.324517,0.0386522,0.003,341.001
0.310507,0.257216,0.0228944,0.003,332.857
0.0596256,0.310717,-0.0019257,0.003,299.123
0.003676,0.314557,-0.00585754,0.003,320.026
0.230575,0.344804,0.0337303,0.003,352.581
0.358843,0.295179,0.0610925,0.003,318.049
0.315857,0.215927,0.00441324,0.003,305.068
0.138043,0.127364,0.0371605,0.003,344.327
0.114079,0.226734,0.0180146,0.003,324.482
0.234961,0.0478255,-0.00137698,0.003,333.773
0.057922,0.168942,0.0838883,0.003,345.658
0.200776,0.370161,0.10358,0.003,321.262
0.112299,0.314739,0.00127548,0.003,317.778
0.370688,0.013589,0.0629026,0.003,317.622
0.212837,0.168484,0.039054,0.003,350.997
0.0601525,0.234271,0.0425964,0.003,298.368
0.0730616,0.114064,0.0867329,0.003,329.142
0.295235,0.300815,0.0476551,0.003,331.861
0.15432,0.293604,0.0734452,0.003,320.317
0.0251412,0.188164,0.0711534,0.003,320.287
0.0493853,0.287066,0.0845148,0.003,324.052
0.295802,0.0207658,0.103767,0.003,328.811
0.246914,0.328748,-0.0048576,0.003,331.934
0.341454,0.29208,0.00159343,0.003,331.585
0.0298863,0.215305,0.0141036,0.003,300.825
0.014251,0.363056,0.0680065,0.003,328.413
0.356946,0.34352,0.0466431,0.003,336.88
0.323134,0.109978,0.0540657,0.003,335.269
0.123335,0.254581,0.102418,0.003,343.586
0.0421664,0.307074,0.0436779,0.003,340.45
0.0100343,0.137103,0.0923047,0.003,353.238
0.330533,0.0327997,0.0250218,0.003,329.369
0.297307,0.262227,0.0480889,0.003,307.394
0.358616,0.299493,0.0348491,0.003,308.122
0.27306,0.171545,0.0559315,0.003,346.579
0.363276,0.161783,0.0728352,0.003,305.391
0.204901,0.351819,0.0190729,0.003,343.219
0.28764,0.223842,0.0393442,0.003,333.878
0.0617459,0.0939079,0.0143784,0.003,352.235
0.13674,0.315892,0.09783,0.003,326.529
0.375895,0.098508,-0.00459784,0.003,313.206
0.36988,0.0990568,0.0658311,0.003,332.521
0.166288,0.142164,0.0634089,0.003,304.869
0.146302,0.0204388,0.0117331,0.003,341.163
0.179237,0.0883588,0.0759851,0.003,312.539
0.0582198,0.0301969,0.0134002,0.003,343.184
0.21482,0.157176,0.075567,0.003,338.797
0.244284,0.00263841,0.0864575,0.003,325.135
0.330604,0.15125,0.105272,0.003,336.07
0.368265,0.0357418,0.0569397,0.003,321.296
0.364762,0.266749,-0.00641694,0.003,339.002
0.359517,0.0305982,0.0452391,0.003,341.215
0.0681121,0.0159949,0.0572085,0.003,314.509
0.0146244,0.0481364,0.0279542,0.003,355.291
0.147877,0.192241,0.101915,0.003,289.37
0.236136,0.240003,0.0478414,0.003,355.965
0.143759,0.0809514,0.0148009,0.003,334.338
0.0733043,0.154762,0.0175972,0.003,326.67
0.304725,0.245559,-0.00227245,0.003,325.428
0.132468,0.180616,0.0617823,0.003,325.307
0.270227,0.178292,0.0162833,0.003,323.364
0.349876,0.0422719,0.0260716,0.003,337.928
0.0357164,0.129968,0.0677341,0.003,354.7
0.0222098,0.354062,0.015811,0.003,347.26
0.034373,0.196888,-0.00755805,0.003,329.297
0.21816,0.0116348,0.0134362,0.003,313.344
0.190638,0.180139,0.00649996,0.003,334.938
0.247374,0.0847624,0.0856813,0.003,319.228
0.204456,0.120777,0.0516826,0.003,316.006
0.107563,0.141396,0.0242657,0.003,359.468
0.269574,0.259175,0.0344791,0.003,336.798
0.151354,0.0877054,0.0876481,0.003,342.054
0.286912,0.0654112,0.0115371,0.003,349.605
0.2593,0.0424913,0.0917534,0.003,322.973
0.0734555,0.136567,0.0741551,0.003,334.062
0.144306,0.224907,0.0500497,0.003,321.843
0.050882,0.00532209,0.10432,0.003,304.159
0.172715,0.366283,0.0539544,0.003,335.445
0.114883,0.00522583,0.0852569,0.003,333.691
0.340132,0.0688069,0.0121899,0.003,343.233
0.260999,0.0925235,0.0185354,0.003,322.91
0.221382,0.055249,0.0278877,0.003,316.411
0.0266839,0.328589,0.00316865,0.003,315.553
0.113275,0.0519974,0.0253207,0.003,332.793
0.345801,0.0028072,0.0459823,0.003,336.936
0.273683,0.300647,0.0705465,0.003,340.024
0.203174,0.0455848,0.0832612,0.003,322.586
0.245027,0.321016,-0.00503028,0.003,348.744
0.338377,0.12138,0.0756702,0.003,337.58
0.141035,0.114174,0.0472859,0.003,330.65
0.237716,0.347793,0.00647412,0.003,347.451
0.0850376,0.138809,0.0634773,0.003,334.731
0.0560543,0.365572,0.0298901,0.003,332.824
0.107704,0.0557393,0.105364,0.003,328.616
0.202359,0.0364475,0.0341349,0.003,346.924
0.375229,0.0566286,0.0861692,0.003,335.401
0.176284,0.360867,0.106542,0.003,322.752
0.152582,0.0471775,-0.00442931,0.003,324.403
0.325347,0.290953,0.0902496,0.003,317.475
0.378022,0.269074,0.0167664,0.003,320.487
0.212478,0.342337,0.0155722,0.003,340.26
0.1747,0.187351,0.0620802,0.003,368.231
0.0822482,0.132846,0.0400782,0.003,340.759
0.129686,0.219889,0.0609892,0.003,330.658
0.0132435,0.0797504,0.0172596,0.003,346.522
0.061668,0.26413,0.0588288,0.003,369.658
0.0174089,0.309714,0.107031,0.003,337.538
0.0303483,0.0215902,0.00725533,0.003,339.938
0.359498,0.296497,0.0665989,0.003,342.609
0.334342,0.17793,-0.00536597,0.003,317.895
0.354581,0.188282,0.0617488,0.003,330.411
0.031501,0.374121,0.0944503,0.003,321.08
0.204431,0.345046,0.0800931,0.003,346.973
0.329185,0.151955,0.0497569,0.003,338.643
0.0431557,0.218585,0.0675081,0.003,321.458
0.234906,0.312811,0.0299139,0.003,297.578
0.0540506,0.114965,0.0137082,0.003,335.424
0.0969119,0.0722096,0.0957031,0.003,336.595
0.221978,0.321488,0.0857045,0.003,335.943
0.295392,0.311846,0.0227406,0.003,360.495
0.262255,0.179209,0.0505541,0.003,312.805
0.2755,0.208107,0.0945367,0.003,325.406
0.228807,0.0636161,0.0589553,0.003,303.234
0.23528,0.358227,0.0653253,0.003,384.399
0.346944,0.140325,0.0546951,0.003,355.378
0.091636,0.202771,0.0305506,0.003,328.868
0.148118,0.00692362,0.0460769,0.003,348.11
0.309589,0.120225,0.104168,0.003,328.719
0.0460556,0.00978633,0.0629315,0.003,314.699
0.0135332,0.139881,0.0195189,0.003,320.396
0.240994,0.296622,0.0652165,0.003,343.844
0.230994,0.118468,0.0475004,0.003,333.614
0.304596,0.259445,0.0827771,0.003,333.329
0.270258,0.13517,0.0658356,0.003,337.865
0.219089,0.20743,0.097174,0.003,353.493
0.366135,0.0799785,0.0970901,0.003,335.576
0.0394611,0.282295,0.0442593,0.003,344.576
0.111365,0.186293,0.0378416,0.003,336.514
0.0264427,0.228406,0.0916472,0.003,343.734
0.343868,0.365051,0.0992963,0.003,325.289
0.142559,0.0976905,0.0599562,0.003,310.617
0.178934,0.273875,0.0594265,0.003,327.095
0.363646,0.0438761,0.0692667,0.003,315.79
0.0856301,0.0752176,0.0382898,0.003,315.193
0.210811,0.278997,0.0200297,0.003,336.5
0.369835,0.33181,0.00367314,0.003,356.199
0.0279878,0.324138,0.091213,0.003,346.979
0.166434,0.31888,0.0571211,0.003,341.522
0.0574942,0.317446,0.0466339,0.003,342.007
0.137034,0.342754,0.0992888,0.003,328.294
0.365878,0.0537032,0.0321566,0.003,331.32
0.00481192,0.294531,0.103877,0.003,301.11
0.119147,0.130861,0.0775213,0.003,335.008
0.34697,0.0698699,0.0957711,0.003,332.148
0.12634,0.26415,-0.00578562,0.003,367.711
0.216297,0.164989,0.0826988,0.003,329.546
0.182429,0.0689469,0.0636557,0.003,329.283
0.361912,0.148,0.102043,0.003,328.064
0.173102,0.0603647,0.0558862,0.003,300.391
0.112707,0.295785,0.0409543,0.003,328.351
0.230389,0.0131167,0.00422916,0.003,336.562
0.332455,0.264909,0.0389696,0.003,359.159
0.0739667,0.258125,0.0419248,0.003,316.696
0.0620469,0.0686255,0.0988836,0.003,1805.53
0.263,0.201282,0.0187938,0.003,295.561
0.356984,0.151807,0.0571517,0.003,341.524
0.191309,0.341658,0.0764331,0.003,321.387
0.332543,0.16567,0.0319187,0.003,356.238
0.029515,0.0658463,0.102094,0.003,328.185
0.175799,0.0609545,0.0337989,0.003,334.158
0.126587,0.199412,0.0535766,0.003,355.147
0.150288,0.282805,0.0611493,0.003,320.454
0.207793,0.177223,0.0120079,0.003,336.059
0.0807026,0.0628926,0.035678,0.003,325.999
0.0880173,0.0341648,0.103358,0.003,327.433
0.130762,0.231638,0.0717463,0.003,330.13
0.101759,0.309323,0.102648,0.003,350.536
0.334393,0.169699,0.0356322,0.003,346.907
0.308331,0.327957,0.0916663,0.003,349.193
0.0614582,0.240202,0.0159329,0.003,349.465
0.346613,0.128609,0.0800085,0.003,327.652
0.293677,0.328901,0.00157724,0.003,326.603
0.0994683,0.00230759,0.0387824,0.003,341.359
